{
  "steps": 1000,
  "acceptance_rate": 0.171,
  "best_fit": {
    "w0": -0.24334735743654162,
    "wa": -2.9981059468386064,
    "omega_m": 0.3010368421398666,
    "chi2_total": 1170.4232218613447,
    "chi2_sn": 971.0491121437243,
    "chi2_bao": 198.6152726519741,
    "chi2_cmb": 0.7588370656462373
  },
  "best_fit_no_cmb": {
    "w0": -0.2286275979698275,
    "wa": -2.9872173403170867,
    "omega_m": 0.2837829244371356,
    "chi2_sn": 971.6693748513726,
    "chi2_bao": 191.39899530912567,
    "chi2_total_no_cmb": 1163.0683701604983
  }
}