{
  "ini": "zz-configuration/gw_phase.ini",
  "params": {
    "m1": 30.0,
    "m2": 30.0,
    "q0star": -0.5,
    "alpha": 0.2,
    "phi0": 0.0,
    "tc": 0.0,
    "tol": 1e-08
  },
  "reference": {
    "csv": "zz-data/chapitre9/09_phases_imrphenom.csv",
    "meta": "zz-data/chapitre9/09_phases_imrphenom.meta.json",
    "source_tag": "file_existing"
  },
  "grid_used": {
    "fmin_Hz": 10.0,
    "fmax_Hz": 2041.7379446695293,
    "dlog10": 0.01,
    "n_points_used": 232
  },
  "metrics_window_Hz": [
    20.0,
    300.0
  ],
  "metrics_active": {
    "variant": "phi_mcgt",
    "rebranch_k": 0,
    "mean_abs_20_300": 0.12138579423319663,
    "p95_abs_20_300": 0.7104087123286049,
    "max_abs_20_300": 1.7761673463095065,
    "n_20_300": 117
  },
  "metrics_raw": {
    "mean_abs_20_300": 155.4101950290047,
    "max_abs_20_300": 365.54965316678374,
    "p95_abs_20_300": 323.63366129211505
  },
  "metrics_cal": {
    "mean_abs_20_300": 18.894700317758435,
    "max_abs_20_300": 78.05116235021843,
    "p95_abs_20_300": 51.73342265497338
  },
  "calibration": {
    "enabled": true,
    "mode": "phi0,tc",
    "model_used": "phi0_tc",
    "phi0_hat_rad": -50.189793502082985,
    "tc_hat_s": -0.14267816256475102,
    "initial_window_Hz": [
      20.0,
      300.0
    ],
    "used_window_Hz": [
      30.0,
      250.0
    ],
    "weight": "1/f2",
    "auto_tightened": true,
    "tighten_threshold_p95_rad": 5.0,
    "p95_check_before_rad": 121.47377083437831,
    "p95_check_after_rad": 51.73342265497338,
    "n_points": 92
  },
  "outputs": {
    "phases_mcgt_csv": "zz-data/chapitre9/09_phases_mcgt.csv",
    "diff_phase_csv": "zz-data/chapitre9/09_diff_phase.csv",
    "jalons_comparaison_csv": "zz-data/chapitre9/09_jalons_comparaison.csv",
    "fisher_scan2D_csv": null
  },
  "repro": {
    "git_hash": null,
    "python": "3.12.3",
    "libs": {
      "numpy": "2.3.1",
      "pandas": "2.3.1"
    }
  },
  "poly_correction": {
    "applied": true,
    "from_column": "phi_mcgt_cal",
    "basis": "log10",
    "degree": 5,
    "fit_window_Hz": [
      30.0,
      250.0
    ],
    "metrics_window_Hz": [
      20.0,
      300.0
    ],
    "coeff_desc": [
      -134.8352599400951,
      1431.231493474761,
      -6157.841503217142,
      13479.057758092878,
      -14992.867016559154,
      7004.059173892351
    ],
    "k_cycles": -56
  },
  "poly_rebranch_k_cycles": 0
}