z,H_obs,sigma_H,sample,H_model,residual,pull,omega_m,H0,w0,wa
0.38,84.0,4.0,BOSS DR12,84.07346681746535,0.073466817465345,0.01836670436633625,0.243,72.97,-0.69,-2.81
0.51,87.0,4.0,BOSS DR12,87.25858174375938,0.2585817437593789,0.06464543593984473,0.243,72.97,-0.69,-2.81
0.61,90.0,4.0,BOSS DR12,90.34559142552173,0.3455914255217323,0.08639785638043307,0.243,72.97,-0.69,-2.81
1.52,146.0,10.0,eBOSS QSO,146.087609884552,0.08760988455199481,0.008760988455199481,0.243,72.97,-0.69,-2.81
2.33,219.0,8.0,BOSS Ly$\alpha$,218.98692596805492,-0.013074031945080833,-0.0016342539931351041,0.243,72.97,-0.69,-2.81
