{
  "z_rec": 1091.348492361144,
  "H0": 67.36,
  "omega_m": 0.30100000008815686,
  "omega_r": 9.205603077606903e-05,
  "planck_theta100": 1.041,
  "planck_R": 1.7502,
  "theta100_cpl": 1.0333940391494107,
  "delta_theta100_cpl": -0.007605960850589177,
  "R_shift_cpl": 1.7365800500010418,
  "delta_R_cpl": -0.013619949998958214,
  "D_M_Mpc_cpl": 14087.37852211136,
  "D_A_Mpc_cpl": 12.896414121157497,
  "r_s_Mpc_cpl": 145.57812991991315,
  "w0_cpl": -0.2433,
  "wa_cpl": -2.9981
}