{
  "z_rec": 1091.8526465822233,
  "H0": 67.36,
  "omega_m": 0.3137721026737606,
  "omega_r": 9.205603077606903e-05,
  "planck_theta100": 1.041,
  "planck_R": 1.7502,
  "theta100_cpl": 1.0543507122142723,
  "delta_theta100_cpl": 0.01335071221427242,
  "R_shift_cpl": 1.7196554650462066,
  "delta_R_cpl": -0.03054453495379339,
  "D_M_Mpc_cpl": 13663.215073099811,
  "D_A_Mpc_cpl": 12.502339739790187,
  "r_s_Mpc_cpl": 144.05820543459566,
  "w0_cpl": -0.53,
  "wa_cpl": -1.06,
  "theta100_lcdm": 1.0366905744436976,
  "delta_theta100_lcdm": -0.004309425556302315,
  "R_shift_lcdm": 1.7489499845286764,
  "delta_R_lcdm": -0.001250015471323529,
  "D_M_Mpc_lcdm": 13895.969440638977,
  "D_A_Mpc_lcdm": 12.715318468685687,
  "r_s_Mpc_lcdm": 144.0582054186809
}