{
  "cpl": {
    "label": "CPL",
    "chi2_min": 798.1387805227321,
    "bic": 835.383361035453,
    "burnin": 150,
    "n_steps": 500,
    "n_walkers": 100,
    "delta_chi2_vs_lcdm": -87.78021343793466,
    "delta_bic_vs_lcdm": -72.88238123284634
  },
  "jbp": {
    "label": "JBP",
    "chi2_min": 805.272670656615,
    "bic": 842.517251169336,
    "burnin": 900,
    "n_steps": 3000,
    "n_walkers": 40,
    "delta_chi2_vs_lcdm": -80.64632330405175,
    "delta_bic_vs_lcdm": -65.74849109896343
  },
  "wcdm": {
    "label": "wCDM",
    "chi2_min": 837.8324220653816,
    "bic": 867.6280864755583,
    "burnin": 900,
    "n_steps": 3000,
    "n_walkers": 40,
    "delta_chi2_vs_lcdm": -48.08657189528515,
    "delta_bic_vs_lcdm": -40.63765579274104
  },
  "lcdm": {
    "label": "LambdaCDM",
    "chi2_min": 885.9189939606667,
    "bic": 908.2657422682994,
    "theta_best": {
      "omega_m": 0.2833080621041306,
      "h_0": 72.59708488124102,
      "w_0": -1.0,
      "w_a": 0.0,
      "s_8": 0.7959326219960664
    }
  }
}