H0_fixed,Omega_m_best,w0_best,wa_best,nll_profile,delta_chi2
6.500000000000000000e+01,3.360446607850565703e-01,-2.500000000000000000e+00,2.380520732233684100e+00,8.262712935193502517e+02,8.372364952233203894e+02
6.550000000000000000e+01,3.288764287008434373e-01,-2.500000000000000000e+00,2.332031313976266951e+00,7.739413059390651597e+02,7.325765200627502054e+02
6.600000000000000000e+01,3.220022772563167490e-01,-2.500000000000000000e+00,2.284188534859207476e+00,7.255934812580037487e+02,6.358808707006273835e+02
