{
  "baseline_v3_2_0": {
    "Omega_m": 0.24275923358883328,
    "H_0": 73.00065462499576,
    "w_0": -0.6955011859790952,
    "w_a": -2.7791732620499623,
    "S_8": 0.718085046259468,
    "chi2_total": 799.2121130694369,
    "burnin": 150
  },
  "tide_local_optimization": {
    "success": true,
    "message": "Optimization terminated successfully.",
    "theta": {
      "Omega_m": 0.2569498020797065,
      "H_0": 74.10290240797023,
      "kappa": 60.53963466521897,
      "S_8": 0.7402091588344595
    },
    "chi2": {
      "chi2_sn": 701.8060265724864,
      "chi2_bao": 122.25852642802558,
      "chi2_cmb": 0.14145807366179483,
      "chi2_rsd": 6.144585794396999,
      "chi2_total": 830.3505968685707
    },
    "nfev": 180
  },
  "lcdm_reference": {
    "success": true,
    "message": "Optimization terminated successfully.",
    "theta": {
      "Omega_m": 0.28330804973869833,
      "H_0": 72.59708505046339,
      "S_8": 0.7959326113264212
    },
    "chi2": {
      "chi2_sn": 651.6164446294961,
      "chi2_bao": 216.27051985516988,
      "chi2_cmb": 12.130529368008359,
      "chi2_rsd": 5.901500107983713,
      "chi2_total": 885.918993960658
    },
    "nfev": 88
  },
  "exploratory_mcmc": {
    "acceptance_fraction": 0.5857638888888889,
    "burnin": 36,
    "theta_median": {
      "Omega_m": 0.2571131630533063,
      "H_0": 74.08866729683344,
      "kappa": 59.32905765551223,
      "S_8": 0.7429967086308558
    }
  },
  "comparison": {
    "delta_chi2_vs_lcdm": {
      "v3.2.0_cpl": -86.70688089122109,
      "v3.2.1_tide": -55.56839709208725
    },
    "H_0": {
      "v3.2.0_cpl": 73.00065462499576,
      "v3.2.1_tide": 74.10290240797023,
      "target_tide": 76.35
    },
    "S_8": {
      "v3.2.0_cpl": 0.718085046259468,
      "v3.2.1_tide": 0.7402091588344595,
      "target_tide": 0.718
    }
  }
}
