{
  "max_epsilon_primary": 6.643395664739611e-16,
  "max_epsilon_order2": 0.008163265306122344
}