{
  "thresholds": {
    "primary": 0.01,
    "order2": 0.1
  },
  "max_epsilon_primary": 0.023685690509391302,
  "max_epsilon_order2": 0.06020338420658977,
  "param2_min": -1.0,
  "param2_max": 1.0,
  "n_param2": 101
}