{
  "ini": "config/mcgt-global-config.ini",
  "params": {
    "m1": 30.0,
    "m2": 30.0,
    "q0star": 0.2,
    "alpha": 1.0,
    "phi0": 0.0,
    "tc": 0.0,
    "tol": 1e-08
  },
  "reference": {
    "csv": "assets/zz-data/09_dark_energy_cpl/09_phases_imrphenom.csv",
    "meta": "assets/zz-data/09_dark_energy_cpl/09_phases_imrphenom.meta.json",
    "source_tag": "lalsuite"
  },
  "grid_used": {
    "fmin_Hz": 20.000000000000004,
    "fmax_Hz": 300.0,
    "dlog10": 0.01,
    "n_points_used": 119
  },
  "metrics_window_Hz": [
    20.0,
    300.0
  ],
  "metrics_active": {
    "mean_abs_20_300": 25.660331650956216,
    "max_abs_20_300": 89.87936528985145,
    "p95_abs_20_300": 79.17102200219766,
    "variant": "calibrated"
  },
  "metrics_raw": {
    "mean_abs_20_300": 54.67500631904722,
    "max_abs_20_300": 161.8397111464746,
    "p95_abs_20_300": 131.51282681653012
  },
  "metrics_cal": {
    "mean_abs_20_300": 25.660331650956216,
    "max_abs_20_300": 89.87936528985145,
    "p95_abs_20_300": 79.17102200219766
  },
  "calibration": {
    "enabled": true,
    "mode": "phi0,tc",
    "model_used": "phi0_tc",
    "phi0_hat_rad": -80.18382507562454,
    "tc_hat_s": 0.06544036835587753,
    "initial_window_Hz": [
      20.0,
      300.0
    ],
    "used_window_Hz": [
      30.0,
      250.0
    ],
    "weight": "1/f2",
    "auto_tightened": true,
    "tighten_threshold_p95_rad": 5.0,
    "p95_check_before_rad": 162.57042260733476,
    "p95_check_after_rad": 79.17102200219766,
    "n_points": 92
  },
  "outputs": {
    "phases_mcgt_csv": "assets/zz-data/09_dark_energy_cpl/09_phases_mcgt.csv",
    "diff_phase_csv": null,
    "comparison_milestones_csv": null,
    "fisher_scan2D_csv": null
  },
  "repro": {
    "git_hash": "e08b8caad5e3d0b777206faebede9321a0496b7f",
    "python": "3.10.12",
    "libs": {
      "numpy": "2.2.6",
      "pandas": "2.3.3"
    }
  }
}