{
  "abs_delta_phi_q50": 1.5667948099367832,
  "abs_delta_phi_q90": 2.8309696098818007,
  "abs_delta_phi_q95": 2.9829395220443677,
  "abs_delta_phi_q99": 3.108068456141273,
  "max_delta_phi": 3.138649137761343,
  "mean_delta_phi": -0.044126366489266884,
  "min_delta_phi": -3.1391842509224226,
  "n": 5000,
  "std_delta_phi": 1.8189778060061956
}