fonc,ordre,coeff
F,0,-4.845411e-17
F,1,1.000000e+00
F,2,-8.030495e-15
G,0,2.309141e-17
G,1,-4.000000e-02
G,2,-5.683431e-16
