parameter,map,median,minus_1sigma,plus_1sigma
H0,72.97,72.98026100752303,0.5211486723624574,0.5193559772328484
omega_m,0.243,0.2425445760303761,0.01576592186008821,0.01596416411989715
w0,-0.69,-0.6888108302185553,0.08293832577857052,0.08255371882946261
wa,-2.81,-2.808666912076792,0.35889106865997755,0.35714469102871904
S8,0.718,0.715732739725828,0.0469904151405095,0.04481762446652904
