{
  "k_min": 0.0001,
  "k_max": 10.0,
  "dlog": 0.01,
  "H0": 67.36,
  "omega_m": 0.3137721026737606,
  "omega_b": 0.049301692328524445,
  "w0": -0.53,
  "wa": -1.06,
  "D0_cpl": 0.7563921550902293,
  "sigma8_cpl": 1.3104497703276878,
  "k_pivot": 0.05,
  "D0_lcdm": 0.787104617463047,
  "sigma8_lcdm": 1.3636591260723354
}