{
  "k_min": 0.0001,
  "k_max": 10.0,
  "dlog": 0.01,
  "H0": 67.36,
  "omega_m": 0.30100000008815686,
  "omega_b": 0.049301692328524445,
  "w0": -0.2433,
  "wa": -2.9981,
  "D0_cpl": 0.7844414527063283,
  "sigma8_cpl": 1.3344205116991068,
  "k_pivot": 0.05
}