alpha,A_s,n_s
-0.1,2.0790000000000004e-09,0.9639
-0.09000000000000001,2.0811e-09,0.964
-0.08000000000000002,2.0832e-09,0.9641
-0.07000000000000002,2.0853000000000002e-09,0.9642
-0.060000000000000026,2.0874e-09,0.9642999999999999
-0.05000000000000003,2.0895000000000003e-09,0.9644
-0.040000000000000036,2.0916e-09,0.9645
-0.03000000000000004,2.0937000000000003e-09,0.9646
-0.020000000000000046,2.0958e-09,0.9647
-0.01000000000000005,2.0979000000000004e-09,0.9648
-5.551115123125783e-17,2.1e-09,0.9649
0.00999999999999994,2.1021e-09,0.965
0.019999999999999934,2.1042000000000002e-09,0.9651
0.029999999999999943,2.1063e-09,0.9652
0.039999999999999925,2.1084000000000003e-09,0.9652999999999999
0.049999999999999906,2.1105e-09,0.9653999999999999
0.059999999999999915,2.1126000000000003e-09,0.9655
0.06999999999999992,2.1147e-09,0.9656
0.0799999999999999,2.1168000000000004e-09,0.9657
0.08999999999999989,2.1188999999999998e-09,0.9658
0.0999999999999999,2.121e-09,0.9659
