T,P_ref,P_opt,epsilon_i,classe
1e-06,1.0,1.0,0.0,primaire
1e-05,1.0,1.0,-0.0,primaire
0.00038,0.999999,0.999995,-4e-06,primaire
0.001,0.999992,0.99997,-2.2e-05,primaire
0.02,0.99819,0.993261,-0.004938,ordre2
0.9,0.9,0.914381,0.015979,ordre2
3.0,3.2733,3.037809,-0.071943,ordre2
5.0,5.0,5.070741,0.014148,ordre2
13.8,13.8,14.066652,0.019323,ordre2
