T,P_ref,classe,sigma_stat,sigma_syst,tolerance_pct
0.000001,1.000000,primaire,,,1.000000
0.000010,1.000000,primaire,,,1.000000
0.000380,0.999999,primaire,,,1.000000
0.001000,0.999992,primaire,,,1.000000
0.020000,0.998190,ordre2,0.017500,0.000000,10.000000
0.900000,0.900000,ordre2,,,3.000000
3.000000,3.273300,ordre2,,,3.000000
5.000000,5.000000,ordre2,,,3.000000
13.800000,13.800000,ordre2,,,3.000000
